"Total Estimated and Projected Population for California and Counties: July 1, 2010 to July 1, 2060 in 1-year Increments",,,,,,,,,,,,,,,,,,,,,,,,,,,,,,,,,,,,,,,,,,,,,,,,,,,
,,,,,,,,,,,,,,,,,,,,,,,,,,,,,,,,,,,,,,,,,,,,,,,,,,,
,Estimates,,,,,,,,Projections,,,,,,,,,,,,,,,,,,,,,,,,,,,,,,,,,,,,,,,,,,
Population,2010,2011,2012,2013,2014,2015,2016,2017,2018,2019,2020,2021,2022,2023,2024,2025,2026,2027,2028,2029,2030,2031,2032,2033,2034,2035,2036,2037,2038,2039,2040,2041,2042,2043,2044,2045,2046,2047,2048,2049,2050,2051,2052,2053,2054,2055,2056,2057,2058,2059,2060
California,"37,335,085","37,675,500","38,042,760","38,373,749","38,739,792","39,059,415","39,312,207","39,613,019","39,952,483","40,295,352","40,639,392","40,980,939","41,321,565","41,659,526","41,994,283","42,326,397","42,655,695","42,981,484","43,304,691","43,624,393","43,939,250","44,250,503","44,556,617","44,856,079","45,150,800","45,440,735","45,726,459","46,006,009","46,277,743","46,544,307","46,804,202","47,056,631","47,303,447","47,544,426","47,778,649","48,007,817","48,230,450","48,449,179","48,663,583","48,872,567","49,077,801","49,278,229","49,473,225","49,664,564","49,855,335","50,044,172","50,229,888","50,416,346","50,602,446","50,789,873","50,975,904"
Alameda County,"1,515,354","1,532,186","1,554,698","1,576,023","1,600,366","1,621,005","1,637,176","1,650,818","1,668,399","1,686,072","1,703,660","1,721,450","1,738,893","1,756,373","1,773,448","1,790,456","1,807,014","1,823,749","1,840,472","1,857,369","1,873,622","1,889,829","1,906,151","1,922,119","1,937,920","1,953,455","1,968,698","1,983,851","1,998,534","2,012,960","2,027,328","2,041,375","2,054,950","2,068,411","2,081,903","2,094,635","2,106,923","2,119,435","2,131,801","2,143,309","2,154,848","2,166,190","2,177,042","2,188,130","2,198,748","2,209,037","2,219,398","2,230,152","2,240,525","2,250,886","2,260,737"
Alpine County,"1,175","1,169","1,162","1,159","1,155","1,150","1,128","1,115","1,108","1,104","1,107","1,108","1,109","1,110","1,103","1,106","1,119","1,124","1,116","1,129","1,134","1,138","1,144","1,148","1,147","1,150","1,158","1,162","1,157","1,157","1,145","1,143","1,128","1,120","1,118","1,113","1,104","1,104","1,096","1,088","1,085","1,083","1,076","1,075","1,070","1,062","1,044","1,041","1,039","1,035","1,031"
Amador County,"38,069","37,894","37,746","37,582","37,448","37,313","37,181","37,050","37,184","37,350","37,560","37,795","38,032","38,268","38,514","38,760","39,000","39,231","39,482","39,708","39,917","40,134","40,327","40,520","40,699","40,866","41,012","41,162","41,287","41,399","41,502","41,584","41,673","41,772","41,869","41,980","42,074","42,170","42,279","42,383","42,494","42,609","42,747","42,884","43,030","43,174","43,332","43,497","43,679","43,850","44,028"
Butte County,"220,193","220,563","221,708","222,083","223,727","224,180","224,761","226,470","227,804","229,295","230,701","232,147","233,693","235,258","236,896","238,538","240,370","242,106","243,806","245,534","247,331","249,017","250,810","252,597","254,347","256,034","257,714","259,253","260,770","262,233","263,634","265,047","266,440","267,828","269,199","270,604","272,010","273,315","274,691","276,138","277,504","279,101","280,593","282,036","283,761","285,282","286,701","288,214","289,915","291,356","292,884"
Calaveras County,"45,535","45,414","45,305","45,116","45,010","44,899","44,747","44,609","44,692","44,808","44,953","45,126","45,308","45,507","45,721","45,934","46,142","46,349","46,557","46,741","46,920","47,091","47,246","47,393","47,523","47,642","47,725","47,816","47,896","47,969","48,033","48,093","48,135","48,177","48,215","48,256","48,306","48,356","48,422","48,480","48,566","48,658","48,766","48,891","49,035","49,188","49,370","49,553","49,766","50,015","50,259"
Colusa County,"21,465","21,626","21,781","21,972","22,139","22,271","22,428","22,580","22,768","22,958","23,144","23,326","23,507","23,686","23,871","24,053","24,233","24,414","24,595","24,772","24,948","25,102","25,263","25,422","25,585","25,733","25,896","26,037","26,175","26,294","26,419","26,536","26,642","26,747","26,848","26,957","27,051","27,150","27,250","27,351","27,450","27,546","27,652","27,762","27,872","27,981","28,099","28,216","28,339","28,467","28,594"
Contra Costa County,"1,051,669","1,063,888","1,075,825","1,089,906","1,103,248","1,117,459","1,129,332","1,138,039","1,151,442","1,165,190","1,178,639","1,192,214","1,205,638","1,218,811","1,232,102","1,245,480","1,258,417","1,271,230","1,284,093","1,296,631","1,309,118","1,321,358","1,333,462","1,345,211","1,356,946","1,368,495","1,379,422","1,390,430","1,400,823","1,410,792","1,420,595","1,429,658","1,438,744","1,447,481","1,455,762","1,463,803","1,471,450","1,479,278","1,486,583","1,493,748","1,500,541","1,506,843","1,513,077","1,519,249","1,525,706","1,531,974","1,538,454","1,544,609","1,550,933","1,557,197","1,563,465"
Del Norte County,"28,389","28,214","27,998","27,544","27,210","27,080","26,956","26,858","26,901","26,950","26,997","27,051","27,105","27,153","27,207","27,262","27,314","27,377","27,450","27,519","27,570","27,627","27,681","27,743","27,800","27,857","27,905","27,960","28,011","28,051","28,104","28,145","28,199","28,240","28,289","28,348","28,392","28,434","28,479","28,517","28,568","28,615","28,676","28,738","28,808","28,877","28,945","29,030","29,126","29,234","29,345"
El Dorado County,"181,008","180,917","181,157","182,348","182,578","183,147","184,085","186,123","187,232","188,303","189,576","190,834","192,260","193,826","195,376","197,090","198,774","200,438","202,270","204,089","206,010","207,899","209,717","211,558","213,246","215,041","216,637","218,272","219,816","221,434","222,972","224,354","225,690","226,928","228,072","229,368","230,630","231,835","232,941","234,150","235,323","236,710","238,009","239,439","240,743","242,218","243,708","245,448","247,148","248,992","250,957"
Fresno County,"932,501","941,904","950,364","959,142","969,193","979,636","988,072","999,929","1,010,899","1,021,856","1,033,095","1,044,330","1,055,752","1,066,815","1,078,034","1,088,990","1,100,307","1,111,693","1,122,940","1,134,199","1,145,673","1,157,127","1,168,195","1,179,459","1,190,485","1,201,443","1,212,489","1,223,553","1,234,620","1,245,615","1,256,599","1,267,192","1,277,706","1,288,167","1,298,754","1,309,033","1,319,035","1,329,073","1,339,014","1,348,904","1,358,990","1,368,649","1,378,407","1,387,951","1,397,810","1,407,629","1,417,454","1,427,513","1,437,420","1,447,571","1,457,732"
Glenn County,"28,182","28,374","28,508","28,684","28,828","28,960","29,084","29,210","29,365","29,524","29,691","29,872","30,054","30,225","30,416","30,611","30,811","31,011","31,202","31,401","31,600","31,793","32,002","32,175","32,347","32,508","32,675","32,846","32,985","33,126","33,267","33,402","33,523","33,644","33,752","33,862","33,962","34,067","34,165","34,261","34,363","34,449","34,561","34,651","34,747","34,847","34,945","35,047","35,156","35,266","35,395"
Humboldt County,"134,998","135,349","134,816","134,895","134,668","135,032","135,884","136,113","136,785","137,314","137,711","138,146","138,643","138,970","139,249","139,576","139,913","140,210","140,497","140,626","140,779","140,917","141,176","141,213","141,356","141,363","141,343","141,410","141,355","141,326","141,236","141,201","141,175","141,089","140,944","140,903","140,710","140,596","140,534","140,530","140,471","140,418","140,392","140,308","140,114","139,929","139,928","139,919","139,809","139,825","139,767"
Imperial County,"175,200","177,792","179,402","180,267","182,989","185,072","186,520","188,650","191,120","193,427","195,814","198,183","200,513","202,847","205,239","207,638","210,082","212,502","214,941","217,361","219,733","222,131","224,475","226,803","229,210","231,572","233,888","236,168","238,519","240,964","243,249","245,596","248,017","250,256","252,525","254,951","257,428","259,684","261,983","264,261","266,693","269,107","271,385","273,645","275,750","277,994","280,339","282,592","284,729","287,127","289,380"
Inyo County,"18,539","18,536","18,569","18,585","18,626","18,640","18,658","18,592","18,633","18,679","18,724","18,772","18,823","18,866","18,906","18,947","18,985","19,029","19,060","19,088","19,118","19,144","19,179","19,205","19,221","19,238","19,248","19,255","19,263","19,257","19,259","19,253","19,245","19,235","19,230","19,206","19,178","19,155","19,133","19,109","19,075","19,037","19,001","18,961","18,932","18,892","18,859","18,832","18,804","18,784","18,763"
Kern County,"841,537","849,497","857,808","868,181","876,403","883,494","887,922","898,825","908,597","919,366","930,885","943,086","955,825","969,360","982,718","996,506","1,010,808","1,025,151","1,039,628","1,054,077","1,068,729","1,083,557","1,098,337","1,112,837","1,127,490","1,142,207","1,156,865","1,171,360","1,185,844","1,200,518","1,214,656","1,228,868","1,243,056","1,256,793","1,270,437","1,284,252","1,297,960","1,311,457","1,324,894","1,338,254","1,351,803","1,365,387","1,379,158","1,392,717","1,406,443","1,420,137","1,433,923","1,447,635","1,461,390","1,475,181","1,489,326"
Kings County,"152,163","151,430","150,028","150,330","149,507","149,832","149,172","150,587","151,821","153,175","154,549","156,115","157,578","159,136","160,704","162,195","163,825","165,423","167,011","168,564","170,251","171,805","173,476","175,080","176,887","178,651","180,394","182,052","183,717","185,434","187,194","188,895","190,661","192,271","193,818","195,252","196,863","198,376","199,872","201,407","202,906","204,393","205,832","207,284","208,658","209,950","211,396","212,799","214,191","215,637","217,204"
Lake County,"64,953","64,807","64,905","64,790","65,129","64,815","64,712","64,979","65,038","65,156","65,302","65,464","65,654","65,870","66,074","66,294","66,525","66,772","67,021","67,273","67,536","67,815","68,090","68,342","68,582","68,848","69,094","69,338","69,583","69,840","70,093","70,348","70,606","70,861","71,131","71,392","71,666","71,940","72,237","72,523","72,833","73,166","73,505","73,851","74,202","74,587","74,993","75,403","75,822","76,258","76,695"
Lassen County,"34,784","34,512","33,002","32,299","31,842","30,958","30,599","30,652","30,647","30,638","30,626","30,606","30,582","30,552","30,519","30,478","30,434","30,372","30,303","30,234","30,157","30,075","29,983","29,887","29,781","29,668","29,568","29,463","29,347","29,232","29,117","28,999","28,884","28,763","28,648","28,521","28,403","28,290","28,177","28,059","27,941","27,824","27,708","27,609","27,505","27,408","27,315","27,230","27,153","27,076","26,999"
Los Angeles County,"9,838,771","9,901,530","9,990,250","10,056,283","10,124,610","10,179,482","10,215,103","10,271,792","10,327,815","10,381,835","10,435,036","10,485,492","10,534,881","10,581,976","10,627,846","10,671,800","10,714,109","10,754,520","10,794,209","10,832,224","10,868,614","10,903,442","10,936,599","10,968,254","10,997,933","11,025,986","11,053,323","11,079,103","11,102,556","11,124,371","11,144,846","11,162,851","11,180,495","11,195,893","11,209,102","11,221,487","11,230,970","11,240,378","11,247,732","11,253,126","11,257,873","11,261,039","11,262,354","11,262,283","11,260,968","11,258,729","11,254,424","11,250,653","11,246,062","11,240,652","11,234,711"
Madera County,"150,145","151,489","150,791","152,220","154,057","154,753","155,518","157,472","159,168","160,980","162,990","165,123","167,267","169,603","171,877","174,332","176,880","179,306","181,846","184,398","186,937","189,567","192,086","194,733","197,215","199,732","202,283","204,799","207,326","209,875","212,405","214,943","217,399","219,966","222,537","224,920","227,369","229,833","232,310","234,700","237,292","239,649","242,053","244,534","247,024","249,447","251,982","254,619","257,105","259,709","262,241"
Marin County,"252,286","254,453","255,897","258,721","261,104","261,669","262,706","262,545","263,394","264,349","265,152","266,077","266,783","267,545","268,172","268,879","269,537","270,277","271,007","271,722","272,375","273,036","273,679","274,278","274,903","275,448","275,957","276,407","276,734","276,974","277,087","277,139","277,112","277,027","277,056","276,943","276,657","276,309","275,993","275,690","275,467","275,129","274,693","274,171","273,699","273,355","272,935","272,686","272,340","271,893","271,601"
Mariposa County,"18,245","18,237","18,223","18,154","18,127","18,088","18,057","17,996","17,998","18,014","18,031","18,054","18,080","18,111","18,139","18,181","18,232","18,276","18,329","18,370","18,419","18,463","18,505","18,557","18,600","18,636","18,662","18,686","18,723","18,747","18,761","18,786","18,810","18,843","18,873","18,905","18,934","18,961","18,990","19,020","19,050","19,081","19,120","19,156","19,203","19,261","19,308","19,370","19,438","19,516","19,593"
Mendocino County,"87,667","87,226","87,976","88,040","88,440","88,264","88,779","89,124","89,459","89,815","90,175","90,529","90,879","91,243","91,593","91,940","92,260","92,558","92,865","93,167","93,452","93,716","93,968","94,184","94,379","94,577","94,734","94,874","94,978","95,061","95,124","95,175","95,214","95,246","95,265","95,295","95,292","95,311","95,330","95,380","95,403","95,436","95,476","95,527","95,580","95,642","95,716","95,825","95,923","96,040","96,164"
Merced County,"256,810","260,108","262,946","264,815","267,659","269,870","272,286","276,275","279,570","283,084","286,746","290,495","294,363","298,249","302,217","306,143","310,160","314,326","318,540","322,689","326,923","331,283","335,664","339,947","344,340","348,499","352,788","357,002","361,212","365,385","369,542","373,724","377,889","381,903","386,103","390,181","394,265","398,249","402,217","406,253","410,444","414,538","418,640","422,641","426,797","431,181","435,437","439,797","444,123","448,524","452,868"
Modoc County,"9,689","9,686","9,634","9,603","9,564","9,510","9,506","9,521","9,484","9,454","9,422","9,396","9,378","9,359","9,338","9,318","9,307","9,297","9,286","9,276","9,267","9,258","9,240","9,227","9,217","9,195","9,168","9,148","9,120","9,089","9,061","9,025","9,000","8,967","8,935","8,898","8,861","8,831","8,805","8,780","8,746","8,721","8,697","8,676","8,654","8,633","8,616","8,608","8,604","8,601","8,587"
Mono County,"14,007","14,261","14,100","13,902","13,939","13,841","13,801","13,798","13,848","13,914","13,986","14,061","14,133","14,203","14,283","14,360","14,426","14,490","14,552","14,608","14,663","14,720","14,777","14,818","14,859","14,899","14,931","14,953","14,975","14,985","14,991","15,000","14,990","14,985","14,969","14,945","14,911","14,883","14,845","14,803","14,749","14,692","14,625","14,566","14,500","14,444","14,379","14,318","14,257","14,200","14,150"
Monterey County,"414,945","419,490","424,036","426,613","429,810","435,342","439,945","442,808","446,873","450,846","454,599","458,234","461,820","465,396","469,013","472,505","475,967","479,256","482,647","485,761","489,001","492,281","495,428","498,424","501,350","504,523","507,442","510,285","513,007","515,811","518,441","521,010","523,340","525,641","527,905","530,061","532,005","533,900","535,742","537,458","538,908","540,602","542,078","543,375","544,756","546,049","547,144","548,564","549,814","551,098","552,239"
Napa County,"136,281","137,234","138,651","139,282","140,550","141,183","141,569","141,624","142,337","143,069","143,800","144,654","145,557","146,464","147,241","148,197","149,137","150,029","150,965","151,921","152,833","153,676","154,549","155,309","156,139","156,964","157,717","158,477","159,173","159,773","160,521","161,147","161,618","162,185","162,716","163,267","163,705","164,225","164,658","165,049","165,360","165,597","165,946","166,427","166,784","167,192","167,541","167,975","168,323","168,743","169,134"
Nevada County,"98,526","98,390","98,032","97,703","98,291","98,067","98,300","98,433","98,757","99,184","99,548","100,020","100,483","100,958","101,545","102,135","102,786","103,394","104,020","104,690","105,318","106,033","106,701","107,379","108,008","108,496","109,091","109,560","110,032","110,545","111,007","111,419","111,835","112,223","112,633","113,009","113,369","113,824","114,383","114,822","115,407","115,984","116,610","117,320","118,022","118,808","119,639","120,476","121,289","122,231","123,265"
Orange County,"3,014,677","3,048,756","3,083,962","3,110,678","3,138,057","3,162,622","3,179,122","3,200,748","3,220,451","3,240,543","3,260,012","3,278,907","3,297,193","3,315,412","3,333,220","3,350,668","3,368,151","3,385,098","3,402,027","3,418,240","3,433,510","3,448,755","3,463,669","3,477,453","3,490,848","3,503,764","3,515,779","3,527,482","3,538,293","3,548,859","3,558,071","3,566,593","3,574,831","3,582,260","3,588,964","3,595,128","3,600,718","3,605,116","3,609,506","3,613,049","3,615,935","3,617,963","3,619,433","3,620,502","3,621,002","3,621,232","3,620,632","3,620,025","3,618,829","3,617,762","3,616,576"
Placer County,"350,040","355,260","359,578","363,863","367,878","370,973","375,805","381,675","386,706","391,993","397,368","402,875","408,507","414,159","419,777","425,557","431,332","437,132","443,016","448,961","454,801","460,639","466,286","471,930","477,471","482,870","488,352","493,571","498,647","503,557","508,439","513,319","518,040","522,627","527,115","531,442","535,658","539,854","544,153","548,214","552,359","556,562","560,639","564,719","568,981","573,184","577,528","581,811","586,211","590,524","594,978"
Plumas County,"19,982","19,927","19,883","19,769","19,692","19,598","19,535","19,481","19,439","19,401","19,374","19,347","19,317","19,296","19,266","19,241","19,219","19,193","19,146","19,110","19,069","19,029","18,988","18,931","18,864","18,807","18,725","18,651","18,572","18,491","18,413","18,327","18,246","18,154","18,072","17,994","17,924","17,850","17,776","17,708","17,652","17,609","17,577","17,552","17,527","17,520","17,515","17,522","17,535","17,555","17,585"
Riverside County,"2,196,083","2,227,674","2,252,777","2,276,143","2,305,693","2,331,960","2,359,588","2,389,723","2,425,939","2,463,191","2,500,975","2,538,566","2,576,122","2,613,313","2,649,971","2,686,242","2,721,931","2,756,730","2,790,698","2,824,330","2,857,496","2,890,388","2,922,459","2,954,293","2,985,308","3,015,808","3,046,281","3,075,649","3,104,404","3,132,288","3,159,599","3,186,479","3,212,227","3,237,482","3,262,467","3,286,423","3,310,283","3,333,496","3,356,320","3,378,358","3,400,372","3,421,472","3,442,004","3,462,179","3,482,268","3,502,005","3,521,331","3,540,570","3,559,333","3,577,963","3,596,588"
Sacramento County,"1,421,458","1,433,805","1,444,986","1,455,502","1,473,374","1,488,600","1,503,536","1,519,381","1,537,189","1,555,021","1,572,886","1,591,268","1,609,526","1,627,880","1,646,394","1,664,687","1,683,208","1,701,886","1,720,365","1,738,943","1,757,616","1,776,148","1,794,867","1,813,035","1,830,917","1,848,985","1,866,850","1,884,667","1,902,194","1,919,705","1,936,861","1,954,034","1,970,952","1,987,977","2,004,477","2,020,784","2,036,928","2,053,007","2,068,701","2,084,282","2,100,156","2,115,858","2,131,355","2,146,968","2,162,376","2,178,030","2,193,859","2,209,552","2,225,460","2,241,417","2,257,413"
San Benito County,"55,401","55,894","56,333","56,750","57,167","57,587","58,010","58,416","58,938","59,497","60,067","60,668","61,296","61,951","62,602","63,265","63,926","64,605","65,301","65,993","66,693","67,370","68,065","68,751","69,430","70,117","70,789","71,468","72,138","72,794","73,432","74,045","74,649","75,225","75,819","76,396","76,943","77,490","78,028","78,575","79,107","79,640","80,158","80,673","81,189","81,709","82,222","82,753","83,293","83,832","84,370"
San Bernardino County,"2,043,484","2,064,762","2,077,397","2,091,890","2,110,975","2,128,499","2,143,578","2,163,680","2,185,083","2,207,672","2,230,602","2,254,211","2,278,414","2,302,993","2,327,528","2,352,322","2,377,337","2,402,529","2,427,872","2,453,628","2,478,888","2,504,406","2,530,049","2,555,326","2,580,819","2,606,040","2,631,468","2,656,455","2,681,324","2,706,238","2,730,966","2,755,415","2,779,939","2,804,740","2,829,159","2,853,203","2,877,937","2,902,588","2,927,065","2,952,292","2,976,804","3,001,157","3,026,097","3,050,591","3,075,583","3,101,043","3,126,426","3,152,630","3,179,128","3,205,562","3,232,412"
San Diego County,"3,101,036","3,135,522","3,173,442","3,207,852","3,247,475","3,274,141","3,295,816","3,320,108","3,346,155","3,372,342","3,398,672","3,424,350","3,449,506","3,474,173","3,498,207","3,521,600","3,544,385","3,566,855","3,589,032","3,610,195","3,631,155","3,651,310","3,671,394","3,691,365","3,710,551","3,730,053","3,749,357","3,768,194","3,786,630","3,804,618","3,822,756","3,840,607","3,858,183","3,875,465","3,892,267","3,908,854","3,925,759","3,942,568","3,958,596","3,974,182","3,989,654","4,004,786","4,019,456","4,033,874","4,048,456","4,062,123","4,075,912","4,088,831","4,102,335","4,115,887","4,129,358"
San Francisco County,"809,753","820,194","833,120","844,066","854,421","864,783","872,463","880,418","888,817","897,312","905,637","914,070","922,560","930,525","938,569","946,561","954,114","961,399","968,416","975,663","982,639","989,482","996,331","1,002,980","1,009,616","1,016,253","1,022,735","1,029,461","1,035,870","1,042,349","1,048,803","1,055,453","1,061,992","1,068,724","1,075,492","1,082,394","1,089,346","1,096,378","1,103,585","1,111,177","1,118,562","1,126,049","1,133,766","1,141,540","1,149,453","1,157,471","1,165,252","1,172,808","1,180,675","1,188,867","1,197,009"
San Joaquin County,"687,992","694,410","700,638","706,148","717,490","728,110","738,343","749,092","760,173","771,535","782,662","793,737","805,141","816,229","827,571","838,755","849,930","861,050","872,278","883,328","894,330","905,134","915,606","926,153","936,709","947,019","956,982","966,709","976,613","986,210","995,469","1,004,542","1,013,408","1,022,233","1,030,806","1,039,105","1,047,577","1,055,736","1,063,759","1,071,489","1,078,992","1,086,410","1,093,567","1,100,679","1,107,866","1,115,179","1,122,198","1,128,930","1,135,667","1,142,352","1,149,124"
San Luis Obispo County,"269,031","270,324","272,527","273,441","275,999","276,534","278,080","278,532","280,488","282,230","284,126","285,967","287,754","289,529","291,170","292,729","294,258","295,820","297,326","298,722","300,033","301,311","302,504","303,397","304,399","305,177","306,093","306,674","307,193","307,656","308,077","308,426","308,446","308,483","308,374","308,283","308,069","307,774","307,559","307,337","307,134","306,896","306,582","306,354","306,148","305,865","305,754","305,560","305,556","305,576","305,391"
San Mateo County,"720,695","729,429","740,850","749,165","756,866","764,711","768,507","772,900","779,546","785,847","792,271","798,237","803,962","809,517","815,084","820,318","825,476","830,678","835,614","840,286","844,778","849,268","853,482","857,555","861,377","865,466","869,189","873,201","876,880","880,722","884,198","887,430","890,586","893,800","896,862","899,991","902,623","905,329","907,944","910,771","913,131","915,883","918,399","920,860","923,166","925,292","927,545","929,695","931,912","934,007","936,154"
Santa Barbara County,"423,567","425,354","430,318","435,329","440,090","444,491","447,309","450,216","453,733","457,138","460,444","463,703","466,937","470,132","473,138","476,227","479,339","482,317","485,180","488,127","491,023","493,814","496,457","498,873","501,438","503,866","506,228","508,418","510,662","512,707","514,691","516,712","518,541","520,098","521,694","523,118","524,629","525,878","527,311","528,553","529,780","530,848","531,817","532,731","533,626","534,571","535,519","536,365","537,296","538,244","539,036"
Santa Clara County,"1,790,185","1,813,986","1,840,582","1,866,836","1,892,692","1,918,777","1,932,827","1,945,465","1,967,519","1,989,441","2,011,436","2,032,840","2,054,193","2,075,619","2,096,718","2,117,959","2,138,926","2,160,085","2,181,188","2,202,483","2,223,743","2,244,993","2,266,453","2,287,636","2,309,360","2,330,649","2,351,872","2,373,451","2,394,815","2,415,841","2,436,897","2,457,466","2,478,004","2,498,486","2,518,442","2,538,692","2,558,315","2,577,715","2,596,944","2,615,450","2,633,652","2,651,598","2,669,163","2,686,251","2,703,370","2,720,101","2,736,712","2,753,366","2,770,195","2,787,304","2,804,044"
Santa Cruz County,"262,425","265,305","267,826","270,609","271,860","274,563","275,754","276,452","278,495","280,630","282,627","284,627","286,507","288,439","290,425","292,350","294,232","296,081","297,962","299,750","301,494","303,240","304,785","306,382","307,744","309,176","310,688","312,001","313,273","314,412","315,659","316,853","318,001","319,113","320,123","321,115","322,076","322,970","323,882","324,934","325,799","326,766","327,677","328,765","329,768","330,576","331,605","332,652","333,736","334,784","335,767"
Shasta County,"177,125","177,364","177,804","178,537","178,949","178,365","177,631","178,501","178,899","179,402","180,198","180,837","181,792","182,664","183,605","184,526","185,378","186,351","187,197","188,131","188,989","189,846","190,750","191,545","192,375","193,172","194,042","194,679","195,383","196,163","196,798","197,458","198,096","198,646","199,273","199,972","200,581","201,097","201,674","202,364","202,959","203,616","204,312","204,935","205,688","206,386","207,131","207,849","208,620","209,359","210,156"
Sierra County,"3,233","3,216","3,206","3,187","3,161","3,149","3,141","3,133","3,132","3,127","3,129","3,126","3,128","3,128","3,123","3,121","3,114","3,109","3,102","3,096","3,087","3,078","3,069","3,060","3,047","3,037","3,028","3,017","3,006","2,993","2,980","2,972","2,961","2,948","2,935","2,926","2,918","2,910","2,903","2,899","2,894","2,889","2,886","2,881","2,881","2,885","2,885","2,889","2,893","2,898","2,905"
Siskiyou County,"44,862","44,792","44,765","44,652","44,607","44,491","44,373","44,239","44,206","44,185","44,186","44,186","44,203","44,224","44,239","44,266","44,293","44,331","44,347","44,372","44,406","44,429","44,434","44,453","44,449","44,436","44,414","44,389","44,344","44,302","44,253","44,203","44,150","44,093","44,046","44,009","43,984","43,955","43,933","43,921","43,938","43,956","43,993","44,049","44,109","44,204","44,300","44,422","44,560","44,714","44,868"
Solano County,"412,525","414,659","417,480","420,732","425,494","429,272","433,412","437,309","442,796","448,332","453,784","459,191","464,487","469,958","475,379","480,712","486,063","491,498","496,735","502,069","507,219","512,193","517,218","522,247","527,117","531,997","536,626","541,233","545,838","550,259","554,668","559,033","563,177","567,193","571,132","574,952","578,952","582,689","586,499","590,163","593,854","597,552","601,160","604,722","608,439","612,235","616,018","619,605","623,416","627,238","631,028"
Sonoma County,"483,541","486,713","489,576","494,364","497,957","500,919","503,152","503,883","507,490","511,308","515,486","519,418","523,395","527,329","531,347","535,261","539,133","543,131","547,012","550,824","554,694","558,278","561,722","565,083","568,258","571,307","574,095","576,808","579,186","581,429","583,517","585,341","587,113","588,847","590,322","591,973","593,285","594,679","595,801","596,694","597,749","598,860","599,783","600,705","601,612","602,738","603,566","604,697","605,702","607,146","608,250"
Stanislaus County,"515,940","518,957","523,698","527,732","531,588","537,608","543,592","551,557","558,353","565,196","572,000","578,625","585,309","592,117","598,743","605,463","612,310","619,064","625,611","632,362","638,840","645,428","651,791","658,132","664,218","670,288","676,343","682,113","687,714","693,370","699,022","704,381","709,637","714,543","719,580","724,617","729,180","733,792","738,309","742,796","747,188","751,260","755,431","759,585","763,652","767,871","771,968","775,744","779,632","783,454","787,145"
Sutter County,"94,859","95,458","96,048","96,540","97,102","97,617","98,208","98,720","99,528","100,439","101,418","102,365","103,279","104,199","105,300","106,317","107,225","108,184","109,215","110,195","111,151","112,229","113,168","114,035","115,039","116,044","117,008","117,913","118,789","119,698","120,573","121,495","122,504","123,427","124,382","125,257","126,092","126,909","127,819","128,726","129,657","130,595","131,447","132,432","133,366","134,335","135,272","136,286","137,190","138,212","139,177"
Tehama County,"63,505","63,621","63,711","63,731","63,847","63,977","64,158","64,294","64,526","64,804","65,119","65,450","65,798","66,166","66,530","66,937","67,344","67,751","68,152","68,566","68,985","69,394","69,803","70,211","70,605","71,017","71,396","71,757","72,111","72,485","72,840","73,183","73,533","73,878","74,220","74,588","74,958","75,321","75,683","76,082","76,464","76,853","77,241","77,643","78,061","78,474","78,911","79,352","79,799","80,253","80,732"
Trinity County,"13,779","13,733","13,704","13,667","13,613","13,562","13,492","13,455","13,424","13,404","13,389","13,374","13,362","13,345","13,334","13,332","13,329","13,332","13,332","13,328","13,322","13,314","13,309","13,304","13,296","13,279","13,270","13,260","13,246","13,238","13,232","13,229","13,224","13,214","13,210","13,208","13,220","13,232","13,251","13,282","13,319","13,358","13,412","13,473","13,545","13,631","13,721","13,817","13,917","14,033","14,151"
Tulare County,"442,330","447,350","452,000","455,891","459,910","464,337","467,960","472,748","477,679","482,697","487,733","492,839","497,943","503,093","508,160","513,541","518,886","524,286","529,610","535,070","540,580","545,987","551,452","556,966","562,408","567,626","572,933","578,058","583,392","588,637","593,788","598,864","603,552","608,436","612,967","617,356","621,803","626,217","630,540","634,899","638,917","643,084","647,007","651,006","655,009","658,922","662,805","666,743","670,733","674,777","678,607"
Tuolumne County,"55,350","55,190","55,033","54,894","54,684","54,529","54,291","54,036","53,980","53,964","53,976","54,019","54,076","54,124","54,219","54,313","54,422","54,521","54,617","54,713","54,801","54,896","54,990","55,063","55,142","55,212","55,277","55,326","55,359","55,384","55,400","55,406","55,414","55,409","55,423","55,431","55,429","55,445","55,465","55,492","55,534","55,572","55,633","55,719","55,801","55,906","56,018","56,145","56,275","56,428","56,595"
Ventura County,"824,441","831,606","836,782","842,964","848,038","852,199","853,673","856,111","860,426","864,821","869,486","874,223","879,139","884,148","889,234","894,257","899,316","904,282","909,352","914,416","919,527","924,543","929,014","933,511","937,828","941,824","945,923","949,733","953,170","956,456","959,354","962,182","964,523","966,911","969,124","971,002","972,551","973,766","975,084","976,374","977,265","978,271","978,818","978,983","979,313","979,796","980,246","980,579","980,900","981,522","982,080"
Yolo County,"202,385","203,048","205,712","208,223","209,921","212,850","216,726","219,468","222,745","225,887","229,023","232,273","235,464","238,682","241,863","245,199","248,519","251,784","255,041","258,373","261,715","265,134","268,435","271,739","275,124","278,533","282,055","285,515","289,060","292,521","295,954","299,409","302,923","306,393","309,806","313,259","316,713","319,998","323,470","327,043","330,480","333,854","337,333","340,734","344,164","347,564","351,001","354,463","357,940","361,435","365,070"
Yuba County,"72,315","73,015","73,704","74,352","74,975","75,579","76,138","76,691","77,490","78,284","79,087","79,880","80,662","81,442","82,206","82,967","83,725","84,492","85,237","85,978","86,718","87,433","88,157","88,848","89,528","90,187","90,834","91,474","92,099","92,708","93,304","93,866","94,419","94,959","95,488","95,998","96,516","97,001","97,467","97,908","98,341","98,759","99,200","99,602","99,995","100,417","100,712","101,064","101,486","101,804","102,221"
"Projections Prepared by Demographic Research Unit, California Department of Finance, January 2018",,,,,,,,,,,,,,,,,,,,,,,,,,,,,,,,,,,,,,,,,,,,,,,,,,,